id,title,type,focus,url
1,OMSCS Machine Learning specialization page,official page,specialization requirements and elective planning,https://omscs.gatech.edu/specialization-machine-learning
2,r/OMSCS Specializations and Courses Megathread,reddit thread,student planning advice about course selection and sequencing,https://www.reddit.com/r/OMSCS/comments/1pyef5z/course_specs_megathread_selection_choices/
3,CS 6515 Intro to Graduate Algorithms,official page,official expectations and background for GA,https://omscs.gatech.edu/cs-6515-intro-graduate-algorithms
4,Introduction to Graduate Algorithms reviews,student review page,student difficulty and workload reports for GA,https://www.omscentral.com/courses/introduction-to-graduate-algorithms/reviews
5,CS 7641 Machine Learning,official page,official overview and prerequisites for ML,https://omscs.gatech.edu/cs-7641-machine-learning
6,Machine Learning reviews,student review page,student difficulty and workload reports for ML,https://www.omscentral.com/courses/machine-learning/reviews
7,CS 6300 Software Development Process,official page,official overview for SDP,https://omscs.gatech.edu/cs-6300-software-development-process
8,Software Development Process reviews,student review page,student comments on beginner friendliness and practical value,https://www.omscentral.com/courses/software-development-process/reviews
9,CS 6310 Software Architecture and Design,official page,official overview for SAD,https://omscs.gatech.edu/cs-6310-software-architecture-and-design
10,Software Architecture and Design reviews,student review page,student comments on group work and lecture quality,https://www.omscentral.com/courses/software-architecture-and-design/reviews
11,CS 6603 AI Ethics and Society,official page,official overview for AI ethics course,https://omscs.gatech.edu/cs-6603-ai-ethics-and-society
12,AI Ethics and Society reviews,student review page,student comments on workload and usefulness,https://www.omscentral.com/courses/ai-ethics-and-society/reviews

